transaction_id,flag
3000099,1
3000208,0
3000211,0
3000328,1
3000335,0
3000391,1
3000528,0
3000782,0
3000825,0
3000962,0
3001013,0
3001034,0
3001156,1
3001211,1
3001295,0
3001337,0
3001434,0
3001458,0
3001506,0
3001533,1
3001559,0
3001567,1
3001618,0
3001642,1
3001756,1
3001802,0
3001889,1
3001912,1
3001937,1
3001966,0
3002012,1
3002034,1
3002045,0
3002062,0
3002123,1
3002136,1
3002188,1
3002191,1
3002301,1
3002401,1
3002485,1
3002503,1
3002563,1
3002625,1
3002657,0
3002716,1
3002747,0
3002804,0
3002873,0
3003018,0
3003026,0
3003044,1
3003052,0
3003064,0
3003116,0
3003157,1
3003288,0
3003317,0
3003372,0
3003416,0
3003556,1
3003596,0
3003618,0
3003639,1
3003676,0
3003725,0
3003873,0
3003913,0
3003983,0
3004038,0
3004053,1
3004066,0
3004144,0
3004161,0
3004336,1
3004342,0
3004383,1
3004417,0
3004486,1
3004509,0
3004572,1
3004634,0
3004649,0
3004654,0
3004678,1
3004756,0
3004767,0
3004854,0
3004875,1
3004916,0
3004947,1
3004957,0
3004999,1
3005167,0
3005184,1
3005206,1
3005252,1
3005359,0
3005373,0
3005385,1
3005423,0
3005434,1
3005448,0
3005472,1
3005589,0
3005591,0
3005692,1
3005821,1
3005845,0
3005893,1
3005913,1
3005976,0
3006008,0
3006061,1
3006114,0
3006124,0
3006133,1
3006261,1
3006424,1
3006439,1
3006461,0
3006483,1
3006574,1
3006623,1
3006779,0
3006857,0
3006873,0
3006892,0
3006934,1
3007053,1
3007223,1
3007244,1
3007255,0
3007361,0
3007387,0
3007424,0
3007462,0
3007471,1
3007567,0
3007788,0
3007866,1
3007893,1
3007926,1
3008005,0
3008015,1
3008032,0
3008121,1
3008178,0
3008201,0
3008212,0
3008253,1
3008283,1
3008355,1
3008382,1
3008431,0
3008483,1
3008559,0
3008578,0
3008591,1
3008646,1
3008666,1
3008728,1
3008767,0
3008919,0
3008983,1
3009062,0
3009155,1
3009172,0
3009226,0
3009244,1
3009353,1
3009392,0
3009425,0
3009496,1
3009507,1
3009538,1
3009561,0
3009604,1
3009626,1
3009676,0
3009728,0
3009755,1
3009831,0
3009888,0
3009891,0
3009944,0
3009984,1
3010013,0
3010051,1
3010074,1
3010087,0
3010216,1
3010225,0
3010231,0
3010391,0
3010429,0
3010442,1
3010491,0
3010516,1
3010714,1
3010721,0
3010742,1
3010752,1
3010848,1
3010919,0
3010922,0
3011011,1
3011038,0
3011081,1
3011135,0
3011162,0
3011346,1
3011368,1
3011399,1
3011453,0
3011546,0
3011666,1
3011672,0
3011702,0
3011841,1
3011867,0
3011928,1
3011937,0
3011964,1
3012047,1
3012065,1
3012149,1
3012179,1
3012187,0
3012223,0
3012263,1
3012283,1
3012355,0
3012406,1
3012469,0
3012472,0
3012609,1
3012636,1
3012674,0
3012711,1
3012858,0
3012886,1
3012957,1
3013065,0
3013075,0
3013189,0
3013375,0
3013391,1
3013428,0
3013552,0
3013788,0
3013794,1
3013883,1
3013925,1
3013939,1
3013943,1
3013985,0
3014037,1
3014059,0
3014118,1
3014137,0
3014196,1
3014224,0
3014236,0
3014257,0
3014371,0
3014415,1
3014445,1
3014492,0
3014541,0
3014562,0
3014597,1
3014672,1
3014743,1
3014774,0
3014791,1
3014855,0
3014862,1
3014909,0
3014937,1
3015094,1
3015102,1
3015119,1
3015181,1
3015205,0
3015246,0
3015337,0
3015346,0
3015386,1
3015404,1
3015438,1
3015478,0
3015493,1
3015569,0
3015593,0
3015609,1
3015695,0
3015704,0
3015899,1
3015908,1
3015934,1
3015985,0
3015995,0
3016019,0
3016094,0
3016104,0
3016116,1
3016153,1
3016189,0
3016227,1
3016377,0
3016435,0
3016517,0
3016529,0
3016549,0
3016568,0
3016612,1
3016667,0
3016764,0
3016837,0
3016841,0
3016991,1
3017033,1
3017046,1
3017121,0
3017176,1
3017215,1
3017252,0
3017266,0
3017277,1
3017284,1
3017327,0
3017337,0
3017523,1
3017653,0
3017666,0
3017681,1
3017712,0
3017768,0
3017783,0
3017792,0
3017802,0
3017878,0
3017943,0
3017957,0
3017961,1
3017991,1
3018003,1
3018126,0
3018245,1
3018344,1
3018478,0
3018531,1
3018556,0
3018602,1
3018617,1
3018646,0
3018653,0
3018674,0
3018798,0
3018804,0
3018826,0
3019007,0
3019072,0
3019088,1
3019335,0
3019354,0
3019366,0
3019489,0
3019606,0
3019641,1
3019666,0
3019858,1
3019871,0
3019952,0
3020036,0
3020075,1
3020133,1
3020227,1
3020235,1
3020295,0
3020332,1
3020494,1
3020512,1
3020599,0
3020615,0
3020641,0
3020654,1
3020741,0
3020786,0
3020848,0
3020932,0
3020953,1
3020985,1
3020997,1
3021097,1
3021226,1
3021376,1
3021421,1
3021491,0
3021532,1
3021551,0
3021706,1
3021783,0
3021792,1
3021849,1
3021877,0
3022055,1
3022089,0
3022167,0
3022215,0
3022231,0
3022241,0
3022343,1
3022351,0
3022385,0
3022399,0
3022478,0
3022603,0
3022612,1
3022627,0
3022693,1
3022703,0
3022782,1
3022835,0
3022963,0
3023051,0
3023091,0
3023111,0
3023144,1
3023161,1
3023173,0
3023279,0
3023332,0
3023358,0
3023363,0
3023408,1
3023482,0
3023528,1
3023563,0
3023618,0
3023663,1
3023672,1
3023694,1
3023707,0
3023736,0
3023798,1
3023804,0
3023909,1
3023911,0
3023938,0
3023957,1
3023977,0
3024011,0
3024021,1
3024137,0
3024176,1
3024205,0
3024244,1
3024316,0
3024323,1
3024338,1
3024391,0
3024433,1
3024484,1
3024516,0
3024538,1
3024604,1
3024651,0
3024676,0
3024686,0
3024764,1
3024855,1
3024888,1
3024984,1
3025048,0
3025093,1
3025144,0
3025158,0
3025173,0
3025181,1
3025234,1
3025256,1
3025287,1
3025313,0
3025408,0
3025463,1
3025851,0
3025939,1
3026006,0
3026027,1
3026131,1
3026144,1
3026178,1
3026348,0
3026388,1
3026418,0
3026434,0
3026494,0
3026549,0
3026596,0
3026655,0
3026672,1
3026728,0
3026762,0
3026785,1
3026795,0
3026844,0
3026891,0
3026904,1
3026916,1
3026997,1
3027019,0
3027067,1
3027159,0
3027169,1
3027245,1
3027269,1
3027283,0
3027296,1
3027377,0
3027387,1
3027399,1
3027418,1
3027477,0
3027543,0
3027559,1
3027584,1
3027592,0
3027602,0
3027618,1
3027626,1
3027657,0
3027689,0
3027745,0
3027752,1
3027778,0
3027876,1
3027912,0
3027964,0
3028056,0
3028094,0
3028128,0
3028249,1
3028261,1
3028367,0
3028404,0
3028448,0
3028512,0
3028538,0
3028681,1
3028756,1
3028768,0
3028801,0
3028858,1
3028903,0
3028977,0
3029024,0
3029135,1
3029145,1
3029204,0
3029304,0
3029348,0
3029353,0
3029386,0
3029468,1
3029537,1
3029561,1
3029575,1
3029584,0
3029626,1
3029679,1
3029761,1
3029882,1
3029915,1
3029968,0
3030083,0
3030138,1
3030377,0
3030498,0
3030563,0
3030579,0
3030716,0
3030741,0
3030765,0
3030816,0
3030863,1
3030904,0
3030929,0
3030962,1
3030986,1
3031002,0
3031019,0
3031057,1
3031061,1
3031087,1
3031121,1
3031132,1
3031245,0
3031259,1
3031316,1
3031356,0
3031369,1
3031383,1
3031411,0
3031432,0
3031469,1
3031543,0
3031564,0
3031583,0
3031594,0
3031663,0
3031731,0
3031753,1
3031763,0
3031781,1
3031831,1
3031843,0
3031917,1
3031929,1
3031936,0
3031951,0
3031982,1
3032045,0
3032056,0
3032077,1
3032122,1
3032138,0
3032141,0
3032162,0
3032242,1
3032261,0
3032352,1
3032383,1
3032416,0
3032436,0
3032468,0
3032568,1
3032686,0
3032752,1
3032865,0
3032937,0
3032955,1
3033005,1
3033039,0
3033098,1
3033157,1
3033259,0
3033297,0
3033349,0
3033714,1
3033839,1
3033895,1
3033907,0
3033914,0
3033954,0
3033973,0
3033983,1
3034041,1
3034065,0
3034071,0
3034175,0
3034182,1
3034329,0
3034336,1
3034362,1
3034429,0
3034496,1
3034643,1
3034656,0
3034712,0
3034737,0
3034777,1
3034883,0
3034891,1
3034994,0
3035068,0
3035127,1
3035259,0
3035265,1
3035336,1
3035346,0
3035377,1
3035409,0
3035453,0
3035507,1
3035545,1
3035603,1
3035658,0
3035828,0
3035847,0
3035899,0
3035977,1
3035989,0
3036101,1
3036125,0
3036144,0
3036195,1
3036294,0
3036337,0
3036385,1
3036402,1
3036415,1
3036627,1
3036634,1
3036971,0
3037004,0
3037074,0
3037217,1
3037239,1
3037352,0
3037365,0
3037408,0
3037464,0
3037471,0
3037553,1
3037593,0
3037613,1
3037666,1
3037682,0
3037715,1
3037728,1
3037844,1
3037892,1
3037915,0
3038047,1
3038063,0
3038109,0
3038113,0
3038126,1
3038309,1
3038322,1
3038447,0
3038468,1
3038497,1
3038531,1
3038558,0
3038594,1
3038739,0
3038829,1
3038849,0
3039038,1
3039082,0
3039189,1
3039216,1
3039337,0
3039363,0
3039388,1
3039461,1
3039533,0
3039547,0
3039553,1
3039564,1
3039628,0
3039705,0
3039777,1
3039808,0
3039859,0
3039909,1
3039935,1
3039998,1
3040033,0
3040083,1
3040091,1
3040129,0
3040184,1
3040219,1
3040235,1
3040284,1
3040404,0
3040433,0
3040462,0
3040505,0
3040566,0
3040656,0
3040789,1
3040812,1
3040846,0
3040852,1
3040891,1
3040919,1
3040923,1
3040969,0
3041001,0
3041074,1
3041198,1
3041215,1
3041229,0
3041267,1
3041326,0
3041347,1
3041399,1
3041442,0
3041685,1
3041717,0
3041789,0
3041802,0
3041844,1
3041891,0
3041975,1
3042052,0
3042097,1
3042125,1
3042199,1
3042205,1
3042235,1
3042262,0
3042453,1
3042469,1
3042492,1
3042544,0
3042556,0
3042615,0
3042735,0
3042746,1
3042773,0
3042869,1
3042961,1
3043057,0
3043122,1
3043133,1
3043201,1
3043329,1
3043337,1
3043433,1
3043485,0
3043503,0
3043561,0
3043584,0
3043608,0
3043677,0
3043697,0
3043733,0
3043779,1
3043889,0
3043936,0
3043942,1
3043975,1
3043983,0
3044031,1
3044054,0
3044088,0
3044093,0
3044102,1
3044126,0
3044157,0
3044237,0
3044284,1
3044301,1
3044338,1
3044644,1
3044752,0
3044772,0
3044845,0
3045034,1
3045109,0
3045207,0
3045247,1
3045359,0
3045511,0
3045601,0
3045646,1
3045666,0
3045696,1
3045718,0
3045771,0
3045799,1
3045836,1
3045856,1
3045897,0
3045906,0
3045971,0
3045989,1
3046102,0
3046172,0
3046185,0
3046228,1
3046243,0
3046262,1
3046355,0
3046404,0
3046455,1
3046602,0
3046633,1
3046643,0
3046697,0
3046818,0
3046931,0
3047025,0
3047118,0
3047147,0
3047163,0
3047209,1
3047229,0
3047257,0
3047304,0
3047349,1
3047419,0
3047459,1
3047466,0
3047545,1
3047551,0
3047586,0
3047606,0
3047615,1
3047624,0
3047631,1
3047648,0
3047673,1
3047688,0
3047717,1
3047734,0
3047783,1
3047901,0
3047929,1
3047944,0
3047959,1
3048004,0
3048105,0
3048153,1
3048287,0
3048292,1
3048341,0
3048363,1
3048435,0
3048477,0
3048487,0
3048493,0
3048514,0
3048743,1
3048814,0
3048897,1
3048997,0
3049019,0
3049033,1
3049075,0
3049107,0
3049127,0
3049162,0
3049195,1
3049214,1
3049226,1
3049283,0
3049294,1
3049321,1
3049354,0
3049376,0
3049397,0
3049408,1
3049432,1
3049453,1
3049464,0
3049567,0
3049585,0
3049693,1
3049719,0
3049754,0
3049892,0
3049915,0
3049927,0
3049974,0
3050036,0
3050078,0
3050186,0
3050198,1
3050497,0
3050508,1
3050534,1
3050547,0
3050574,0
3050602,0
3050633,0
3050659,0
3050677,0
3050804,0
3050834,0
3050916,1
3051008,0
3051015,1
3051048,0
3051138,0
3051141,0
3051219,0
3051243,0
3051278,0
3051376,0
3051388,1
3051423,0
3051436,0
3051514,0
3051578,0
3051644,1
3051742,0
3051753,1
3051799,0
3051823,0
3051971,0
3052017,0
3052032,0
3052084,0
3052175,1
3052195,0
3052264,0
3052284,0
3052304,1
3052343,1
3052355,1
3052374,0
3052419,0
3052493,0
3052522,1
3052533,1
3052548,1
3052565,0
3052677,1
3052751,0
3052786,1
3052794,0
3052824,0
3052876,0
3052883,1
3052931,0
3052969,1
3052973,0
3052992,1
3053019,1
3053082,0
3053091,1
3053124,1
3053176,1
3053209,0
3053346,0
3053362,0
3053385,1
3053459,0
3053475,1
3053525,1
3053539,1
3053599,0
3053622,1
3053654,0
3053669,0
3053735,1
3053764,1
3053871,1
3053929,0
3053937,0
3053961,0
3053977,1
3054028,1
3054068,1
3054098,0
3054117,1
3054148,1
3054239,0
3054253,0
3054297,1
3054339,0
3054353,0
3054404,1
3054438,0
3054546,0
3054615,0
3054656,0
3054684,0
3054775,0
3054801,1
3054893,1
3055041,0
3055148,1
3055161,0
3055179,1
3055231,0
3055322,0
3055359,1
3055396,1
3055404,1
3055411,0
3055457,1
3055493,0
3055555,1
3055572,1
3055675,1
3055757,0
3055829,0
3055856,0
3055871,0
3055885,1
3055894,0
3055942,1
3055954,1
3055969,1
3056018,0
3056075,0
3056103,1
3056151,0
3056163,0
3056316,0
3056322,1
3056345,1
3056363,0
3056411,1
3056458,0
3056677,1
3056692,0
3056776,1
3056862,1
3056879,1
3056903,0
3056936,1
3056968,1
3057047,0
3057118,1
3057149,0
3057163,1
3057254,0
3057277,0
3057342,1
3057361,0
3057387,0
3057392,0
3057474,0
3057513,0
3057531,1
3057558,0
3057622,1
3057659,1
3057666,1
3057715,0
3057771,0
3057797,0
3057967,0
3057981,0
3058005,0
3058013,0
3058028,1
3058037,0
3058132,0
3058185,0
3058193,1
3058204,1
3058212,0
3058237,1
3058296,0
3058312,0
3058395,1
3058464,0
3058508,1
3058539,1
3058566,0
3058577,0
3058592,1
3058634,0
3058651,0
3058667,1
3058703,1
3058712,1
3058832,0
3058846,1
3058857,1
3058875,1
3058893,0
3058949,1
3058975,0
3059032,0
3059112,0
3059193,1
3059249,0
3059283,0
3059301,1
3059402,1
3059465,0
3059492,1
3059505,0
3059545,1
3059559,1
3059597,1
3059653,1
3059703,1
3059888,1
3059954,0
3059994,1
3060046,1
3060059,1
3060087,1
3060164,1
3060173,0
3060227,0
3060244,1
3060331,1
3060379,1
3060395,1
3060472,0
3060506,0
3060524,0
3060534,1
3060601,0
3060626,0
3060635,0
3060692,1
3060743,1
3060837,0
3060888,0
3060898,1
3060921,0
3061006,1
3061012,1
3061071,0
3061114,1
3061178,1
3061182,0
3061486,0
3061517,0
3061525,1
3061553,0
3061608,1
3061637,0
3061693,1
3061712,0
3061756,1
3061794,1
3061906,0
3061956,0
3062021,1
3062143,0
3062228,0
3062405,1
3062415,1
3062435,0
3062446,1
3062488,0
3062504,1
3062526,0
3062532,1
3062573,0
3062761,1
3062843,1
3062959,0
3062966,0
3063016,0
3063046,1
3063061,0
3063096,1
3063144,1
3063299,1
3063303,1
3063336,1
3063399,0
3063417,0
3063473,0
3063492,0
3063566,0
3063593,0
3063629,0
3063721,0
3063738,0
3063757,0
3063771,0
3063782,1
3063877,1
3063889,1
3063921,1
3063954,1
3063973,0
3063981,0
3063997,0
3064003,0
3064023,0
3064111,0
3064335,1
3064348,1
3064363,0
3064464,1
3064481,0
3064545,0
3064574,1
3064608,0
3064635,1
3064645,1
3064693,0
3064718,0
3064722,0
3064741,0
3064815,1
3064825,0
3064833,1
3064943,0
3064974,0
3065003,0
3065038,0
3065041,0
3065069,0
3065084,0
3065094,0
3065105,0
3065159,1
3065261,0
3065273,0
3065311,1
3065321,0
3065422,0
3065495,1
3065505,0
3065525,0
3065568,0
3065656,1
3065665,0
3065684,1
3065709,0
3065868,0
3065966,0
3066009,0
3066044,1
3066107,0
3066204,0
3066245,0
3066305,1
3066388,1
3066412,1
3066486,0
3066547,0
3066582,1
3066669,1
3066759,0
3066796,0
3066809,0
3066835,0
3066851,1
3066889,0
3066913,0
3067038,1
3067105,0
3067123,0
3067147,0
3067199,0
3067219,1
3067237,1
3067259,0
3067291,0
3067402,0
3067449,0
3067598,1
3067617,0
3067642,0
3067672,0
3067864,1
3067984,1
3067998,0
3068016,1
3068036,1
3068089,1
3068119,1
3068182,0
3068275,0
3068415,1
3068437,0
3068491,0
3068519,1
3068602,1
3068612,1
3068622,1
3068653,1
3068766,1
3068781,0
3068862,1
3068939,0
3069038,0
3069048,0
3069121,1
3069396,0
3069402,0
3069413,1
3069424,0
3069507,0
3069513,1
3069547,0
3069568,0
3069647,1
3069734,1
3069762,0
3069786,0
3069801,0
3069955,1
3070005,0
3070061,0
3070079,1
3070091,0
3070107,1
3070118,1
3070122,1
3070184,0
3070221,1
3070237,0
3070256,1
3070286,0
3070307,1
3070368,1
3070404,1
3070433,1
3070448,1
3070528,0
3070671,1
3070683,0
3070696,0
3070733,1
3070793,0
3070862,0
3070877,1
3070937,1
3070964,1
3070992,1
3071078,0
3071152,1
3071363,0
3071376,0
3071583,0
3071591,0
3071688,1
3071911,1
3071941,0
3071972,1
3071988,1
3072101,0
3072249,1
3072253,0
3072284,1
3072469,0
3072495,1
3072514,0
3072563,0
3072572,0
3072624,0
3072641,1
3072703,1
3072833,1
3072844,0
3072898,1
3072916,1
3073049,1
3073076,1
3073106,0
3073174,0
3073189,0
3073215,0
3073301,0
3073338,0
3073362,0
3073382,1
3073411,1
3073528,1
3073627,0
3073666,0
3073673,0
3073753,0
3073784,0
3073815,0
3073889,1
3073907,0
3073936,1
3073975,0
3074037,0
3074116,0
3074257,1
3074262,1
3074379,0
3074566,0
3074594,0
3074697,1
3074701,1
3074801,1
3074925,0
3074932,1
3075005,1
3075063,0
3075189,1
3075283,0
3075316,1
3075341,0
3075352,0
3075417,0
3075426,1
3075512,1
3075527,1
3075584,0
3075635,0
3075696,1
3075745,0
3075797,0
3075814,1
3075888,1
3076017,1
3076037,0
3076083,1
3076338,1
3076422,1
3076463,0
3076586,0
3076605,0
3076622,1
3076643,1
3076673,1
3076699,0
3076762,0
3076784,1
3076821,0
3076932,1
3077059,0
3077076,1
3077082,0
3077198,1
3077219,0
3077231,0
3077257,0
3077422,0
3077487,0
3077526,1
3077589,1
3077591,0
3077779,1
3077786,0
3077853,0
3077898,0
3077906,0
3077966,0
3077984,1
3078004,0
3078028,1
3078056,1
3078272,1
3078316,0
3078391,0
3078402,1
3078459,0
3078463,0
3078471,0
3078491,1
3078508,1
3078521,1
3078589,1
3078609,1
3078644,0
3078664,1
3078707,0
3078715,1
3078789,1
3078829,0
3078855,1
3078862,0
3078883,0
3078901,0
3078944,0
3078957,0
3079017,0
3079055,0
3079081,1
3079188,0
3079312,1
3079321,1
3079337,0
3079376,0
3079393,0
3079468,1
3079539,1
3079679,1
3079683,0
3079882,1
3080066,1
3080175,1
3080191,0
3080315,0
3080321,0
3080377,1
3080401,0
3080419,1
3080424,1
3080475,0
3080486,1
3080523,0
3080545,0
3080756,0
3080813,0
3080858,1
3080899,0
3081049,0
3081262,0
3081271,0
3081294,1
3081332,0
3081433,1
3081521,0
3081571,0
3081677,1
3081758,1
3081776,0
3081784,0
3081811,0
3081845,0
3081946,0
3081962,0
3081971,1
3081991,0
3082027,1
3082031,0
3082063,1
3082132,1
3082163,0
3082301,0
3082402,0
3082484,0
3082622,1
3082681,1
3082718,1
3082741,0
3082802,1
3082948,0
3083069,1
3083083,0
3083136,1
3083175,1
3083245,0
3083252,1
3083271,0
3083315,0
3083461,1
3083499,1
3083533,0
3083541,1
3083567,0
3083576,0
3083616,1
3083634,1
3083642,1
3083655,0
3083726,1
3083773,1
3083817,0
3083839,0
3083908,1
3083945,1
3083958,1
3084086,0
3084163,1
3084221,0
3084297,0
3084371,0
3084416,0
3084499,0
3084507,0
3084552,1
3084589,1
3084605,1
3084618,1
3084676,0
3084754,0
3084811,1
3084857,1
3084913,1
3084921,1
3084973,0
3085027,1
3085062,1
3085116,1
3085135,0
3085178,0
3085272,0
3085301,0
3085321,0
3085406,1
3085484,0
3085513,1
3085645,0
3085663,0
3085676,0
3085728,0
3085789,0
3085798,0
3085847,0
3085964,1
3086139,1
3086203,0
3086214,1
3086228,0
3086238,0
3086263,0
3086289,1
3086451,0
3086567,0
3086616,0
3086639,0
3086644,0
3086651,1
3086667,0
3086679,0
3086691,1
3086728,1
3086753,1
3086792,1
3086843,0
3086851,1
3086883,0
3086937,0
3086942,1
3086957,0
3086974,0
3087009,0
3087081,1
3087202,0
3087267,1
3087284,0
3087301,0
3087426,1
3087454,1
3087501,0
3087539,1
3087572,0
3087615,0
3087643,0
3087685,1
3087693,0
3087801,0
3087831,1
3087957,0
3088008,0
3088016,0
3088077,1
3088107,0
3088139,0
3088233,1
3088265,0
3088292,0
3088333,1
3088454,1
3088486,0
3088504,0
3088546,0
3088554,1
3088577,1
3088632,1
3088663,1
3088703,0
3088749,0
3088776,0
3088785,1
3088901,0
3088958,1
3089186,0
3089232,1
3089354,1
3089395,1
3089488,0
3089545,1
3089577,0
3089633,1
3089695,1
3089723,1
3089781,1
3089895,1
3089916,1
3089923,1
3089982,0
3090052,0
3090217,0
3090221,0
3090233,1
3090261,0
3090308,0
3090412,1
3090421,0
3090447,1
3090484,1
3090496,1
3090539,0
3090583,0
3090603,1
3090631,1
3090658,1
3090695,1
3090711,0
3090725,1
3090772,0
3090782,0
3090801,1
3090824,1
3090833,1
3090879,0
3090898,1
3090917,0
3090933,1
3090955,0
3091016,0
3091097,1
3091169,1
3091178,0
3091189,1
3091219,0
3091261,1
3091318,1
3091412,1
3091432,0
3091442,0
3091454,0
3091463,0
3091474,1
3091613,0
3091688,1
3091699,1
3091727,0
3091778,1
3091783,0
3091811,1
3091902,0
3091936,0
3091944,0
3091978,0
3091989,1
3092073,0
3092089,1
3092102,1
3092156,1
3092169,0
3092239,0
3092306,0
3092326,1
3092356,1
3092365,0
3092382,0
3092447,0
3092534,1
3092555,0
3092577,1
3092609,1
3092627,1
3092676,0
3092692,1
3092744,0
3092896,0
3093087,0
3093149,1
3093194,0
3093217,0
3093245,0
3093253,1
3093323,0
3093332,0
3093356,1
3093415,0
3093476,0
3093627,1
3093647,0
3093667,1
3093678,1
3093841,0
3093921,0
3094026,1
3094112,0
3094157,0
3094165,1
3094234,1
3094354,0
3094381,0
3094523,1
3094702,1
3094718,1
3094769,0
3094873,0
3094881,0
3095015,1
3095035,1
3095318,1
3095344,0
3095555,0
3095582,1
3095595,1
3095624,1
3095775,0
3095815,0
3095824,1
3095903,0
3095929,0
3095976,0
3095991,1
3096035,1
3096062,1
3096091,1
3096122,1
3096142,0
3096157,1
3096165,1
3096196,0
3096223,1
3096252,1
3096273,0
3096294,0
3096429,0
3096553,0
3096581,0
3096693,0
3096701,0
3096753,0
3096843,1
3096889,1
3096896,0
3097007,0
3097177,0
3097286,0
3097475,1
3097547,0
3097598,1
3097609,1
3097666,1
3097701,0
3097755,1
3097803,1
3097876,0
3097943,0
3097992,0
3098036,1
3098129,0
3098141,1
3098187,0
3098268,1
3098302,1
3098365,0
3098441,0
3098468,1
3098565,0
3098648,0
3098676,1
3098684,0
3098732,1
3098749,0
3098758,1
3098771,0
3098782,1
3098823,0
3098859,1
3098923,1
3098965,0
3099193,0
3099204,0
3099248,0
3099262,1
3099379,1
3099415,0
3099511,0
3099522,1
3099566,1
3099634,0
3099685,0
3099702,1
3099819,1
3099914,1
3099927,0
3099931,0
3099983,1
3100016,0
3100061,0
3100079,0
3100093,1
3100167,1
3100199,1
3100214,0
3100244,0
3100263,0
3100368,1
3100382,0
3100412,0
3100425,0
3100456,0
3100505,0
3100632,1
3100894,1
3100941,1
3100997,1
3101008,0
3101011,1
3101021,1
3101128,1
3101319,1
3101404,0
3101496,1
3101504,0
3101559,1
3101602,0
3101623,1
3101675,1
3101681,0
3101797,0
3101819,0
3101822,0
3101983,0
3102005,1
3102041,1
3102082,1
3102126,1
3102175,1
3102204,1
3102251,0
3102278,0
3102307,1
3102391,0
3102423,0
3102626,1
3102689,0
3102715,0
3102781,0
3102802,1
3102855,1
3102898,1
3102938,0
3102955,0
3102967,0
3103016,1
3103159,1
3103184,0
3103385,0
3103474,1
3103528,0
3103612,0
3103655,0
3103665,1
3103677,0
3103699,1
3103712,0
3103722,0
3103735,0
3103769,0
3103792,1
3103928,0
3103979,0
3104038,1
3104074,0
3104086,0
3104123,0
3104144,1
3104252,0
3104286,1
3104296,1
3104342,0
3104358,0
3104408,0
3104459,1
3104484,1
3104506,0
3104557,1
3104583,0
3104598,0
3104615,0
3104738,0
3104747,1
3104787,1
3104819,1
3104884,1
3104919,0
3104924,0
3104931,0
3105036,0
3105073,0
3105271,0
3105286,1
3105363,1
3105482,0
3105541,0
3105613,1
3105624,0
3105632,0
3105647,0
3105721,0
3105759,0
3105777,1
3105904,0
3105933,1
3105968,0
3106099,1
3106137,1
3106217,0
3106238,0
3106312,1
3106324,1
3106332,0
3106381,0
3106392,0
3106401,1
3106424,0
3106466,0
3106523,0
3106608,1
3106736,0
3106742,0
3106765,1
3106775,1
3106793,0
3106801,0
3106857,1
3106862,1
3106882,0
3106893,1
3106917,1
3106923,0
3106972,1
3107036,0
3107043,0
3107094,1
3107135,0
3107173,0
3107197,0
3107213,0
3107224,1
3107232,0
3107276,0
3107293,1
3107364,0
3107409,1
3107412,1
3107549,0
3107576,1
3107692,0
3107765,0
3107831,0
3107915,1
3107955,1
3107987,0
3108093,1
3108102,1
3108117,0
3108192,0
3108215,0
3108252,0
3108268,0
3108297,1
3108318,0
3108341,0
3108419,1
3108456,1
3108497,1
3108512,1
3108526,0
3108553,1
3108668,0
3108717,0
3108738,1
3108819,1
3108823,0
3108838,1
3108872,1
3108904,1
3108922,1
3108954,0
3108961,1
3108971,0
3109041,0
3109112,1
3109167,0
3109174,1
3109209,0
3109266,0
3109338,0
3109354,1
3109394,1
3109503,1
3109551,0
3109601,1
3109743,0
3109757,1
3109777,0
3109781,1
3109845,1
3109861,1
3109891,1
3109943,0
3109951,0
3109969,1
3110009,0
3110099,1
3110134,0
3110165,0
3110174,1
3110188,0
3110286,1
3110316,1
3110386,0
3110503,0
3110581,0
3110613,1
3110676,0
3110686,1
3110794,0
3110841,0
3110856,1
3110867,1
3110871,0
3111006,0
3111023,0
3111092,1
3111103,1
3111137,0
3111201,1
3111266,0
3111278,0
3111384,1
3111479,1
3111608,1
3111618,0
3111659,0
3111669,0
3111756,1
3111786,1
3111922,1
3111946,1
3111953,0
3111965,0
3112017,0
3112075,0
3112107,0
3112148,1
3112199,1
3112213,0
3112227,0
3112293,1
3112456,1
3112517,1
3112534,0
3112576,1
3112588,0
3112691,0
3112716,0
3112763,0
3112771,0
3112963,1
3112988,1
3113003,1
3113039,1
3113106,1
3113176,0
3113257,1
3113351,1
3113449,0
3113469,0
3113476,1
3113523,1
3113543,1
3113583,1
3113608,1
3113618,0
3113659,0
3113726,0
3113753,1
3113796,0
3113804,0
3113948,0
3114018,0
3114139,0
3114154,0
3114239,0
3114245,1
3114278,1
3114307,0
3114316,1
3114333,1
3114367,0
3114455,1
3114482,1
3114566,1
3114662,0
3114718,0
3114788,0
3114798,1
3114809,0
3114858,0
3114874,0
3114929,1
3114931,0
3114977,1
3115009,1
3115087,0
3115115,0
3115182,0
3115284,0
3115319,0
3115368,1
3115466,0
3115485,1
3115519,0
3115542,1
3115599,0
3115604,0
3115754,0
3115893,0
3115929,0
3115956,0
3115972,0
3116037,1
3116056,0
3116119,0
3116141,0
3116159,0
3116176,0
3116265,1
3116279,0
3116331,0
3116476,0
3116521,0
3116608,1
3116613,0
3116624,1
3116638,0
3116654,1
3116684,0
3116743,0
3116817,1
3116822,1
3116883,1
3116935,0
3117011,0
3117029,1
3117143,0
3117181,0
3117344,0
3117437,0
3117563,1
3117633,1
3117731,0
3117766,0
3117778,0
3117875,0
3117949,1
3118085,1
3118103,1
3118117,1
3118175,1
3118215,0
3118227,0
3118276,1
3118306,1
3118354,0
3118387,0
3118503,1
3118524,0
3118539,1
3118574,1
3118597,0
3118688,1
3118707,1
3118733,0
3118748,0
3118771,0
3118985,0
3119049,1
3119077,0
3119138,0
3119215,1
3119255,0
3119267,0
3119276,0
3119314,1
3119338,0
3119379,0
3119504,0
3119586,0
3119608,0
3119627,1
3119639,0
3119706,1
3119751,0
3119931,1
3119963,1
3120032,1
3120055,1
3120066,1
3120099,0
3120156,1
3120188,1
3120208,0
3120223,0
3120264,1
3120336,0
3120425,1
3120448,0
3120466,0
3120485,0
3120495,0
3120612,1
3120639,1
3120657,1
3120679,0
3120719,0
3120722,0
3120791,0
3120832,1
3120935,1
3121025,0
3121053,1
3121065,0
3121078,0
3121152,1
3121163,1
3121171,1
3121216,1
3121289,1
3121333,1
3121378,0
3121427,0
3121433,0
3121461,0
3121532,0
3121631,1
3121644,1
3121655,0
3121711,1
3121721,0
3121737,1
3121791,1
3121833,0
3121866,0
3121909,0
3121935,0
3121955,1
3121972,1
3122015,0
3122069,0
3122103,1
3122253,0
3122278,0
3122302,1
3122317,1
3122543,0
3122674,0
3122844,1
3122856,0
3122895,0
3122908,0
3122937,0
3122978,0
3122984,1
3123004,0
3123026,1
3123037,0
3123076,1
3123154,1
3123307,1
3123319,1
3123453,1
3123483,0
3123496,1
3123507,1
3123549,1
3123565,0
3123591,0
3123611,1
3123625,0
3123689,1
3123734,0
3123862,1
3123943,1
3124012,0
3124033,0
3124046,0
3124052,0
3124062,0
3124074,0
3124086,1
3124136,0
3124159,0
3124206,1
3124319,0
3124343,1
3124411,1
3124441,1
3124456,0
3124509,0
3124576,0
3124666,1
3124693,0
3124773,1
3124783,0
3124859,0
3124906,1
3125047,0
3125119,0
3125201,0
3125223,1
3125237,1
3125337,1
3125459,0
3125474,1
3125514,1
3125534,1
3125545,0
3125602,0
3125654,1
3125668,0
3125721,1
3125824,0
3125872,0
3125884,0
3125921,1
3126004,0
3126082,0
3126095,0
3126108,0
3126175,0
3126211,0
3126234,0
3126259,0
3126266,0
3126275,0
3126352,0
3126369,0
3126374,1
3126417,1
3126445,1
3126457,0
3126473,0
3126532,0
3126563,1
3126592,1
3126746,1
3126757,0
3126771,0
3126793,0
3126878,1
3126918,0
3127019,0
3127031,1
3127045,0
3127051,0
3127121,0
3127149,1
3127167,0
3127234,1
3127256,0
3127286,0
3127329,0
3127339,1
3127345,1
3127453,1
3127488,1
3127577,0
3127713,1
3127849,1
3127859,0
3127865,1
3127877,1
3127909,1
3127979,1
3128054,1
3128072,1
3128095,0
3128132,1
3128176,0
3128206,1
3128222,0
3128311,0
3128422,0
3128468,1
3128496,1
3128564,0
3128597,1
3128673,1
3128707,1
3128742,0
3128797,0
3128859,1
3128866,0
3128964,0
3129001,0
3129026,1
3129073,1
3129113,0
3129175,1
3129207,0
3129265,0
3129352,1
3129405,1
3129451,0
3129611,0
3129629,1
3129631,0
3129698,0
3129715,1
3129722,0
3129786,0
3129893,0
3129955,1
3130042,1
3130129,1
3130135,1
3130151,1
3130276,1
3130298,0
3130354,0
3130433,0
3130464,0
3130506,0
3130582,1
3130637,1
3130706,1
3130748,0
3130853,0
3130876,0
3130888,1
3131015,0
3131027,0
3131047,1
3131062,0
3131111,1
3131123,1
3131156,1
3131161,0
3131177,1
3131201,1
3131238,0
3131314,0
3131358,0
3131374,0
3131433,0
3131457,1
3131555,1
3131602,0
3131628,0
3131634,1
3131646,0
3131688,1
3131708,0
3131715,1
3131734,0
3131757,0
3131773,1
3131798,1
3131837,1
3131901,0
3131924,0
3131946,0
3131958,1
3131986,1
3132047,1
3132054,0
3132062,1
3132087,1
3132099,0
3132158,0
3132167,0
3132184,1
3132262,1
3132277,0
3132302,0
3132331,0
3132348,1
3132379,0
3132398,1
3132447,0
3132456,0
3132475,0
3132496,0
3132601,0
3132642,1
3132668,1
3132697,1
3132764,1
3132805,1
3132832,1
3133038,1
3133058,0
3133098,0
3133104,0
3133129,1
3133168,1
3133215,0
3133225,1
3133312,0
3133419,0
3133505,0
3133608,0
3133614,0
3133834,0
3133854,1
3133879,1
3134048,0
3134089,1
3134156,1
3134342,0
3134445,1
3134571,0
3134589,0
3134608,0
3134627,1
3134752,1
3134783,1
3134829,0
3134853,0
3134936,1
3135008,1
3135083,0
3135314,1
3135428,0
3135476,0
3135554,1
3135594,1
3135705,1
3135752,0
3135801,1
3135811,0
3135848,0
3135864,0
3135967,0
3136023,1
3136078,1
3136162,0
3136233,0
3136309,0
3136376,1
3136399,0
3136402,0
3136478,0
3136532,0
3136595,0
3136624,0
3136666,1
3136695,0
3136717,1
3136787,1
3136806,1
3136812,1
3136845,1
3136888,0
3136956,1
3136984,0
3137024,1
3137059,1
3137086,0
3137182,1
3137201,0
3137243,1
3137342,1
3137353,1
3137368,1
3137389,0
3137429,1
3137456,0
3137464,1
3137482,1
3137521,1
3137554,0
3137635,0
3137704,0
3137746,0
3137809,0
3137882,0
3137931,1
3137987,0
3137991,1
3138023,1
3138113,0
3138169,0
3138208,1
3138215,1
3138224,1
3138368,1
3138439,0
3138541,1
3138603,0
3138678,0
3138712,1
3138729,0
3138731,1
3138835,1
3138857,0
3138869,0
3138931,0
3139046,0
3139057,0
3139093,0
3139212,0
3139244,1
3139255,0
3139368,0
3139441,1
3139599,1
3139615,0
3139625,0
3139706,0
3139752,0
3139905,0
3139912,0
3139945,0
3139961,0
3140087,1
3140123,0
3140134,1
3140188,0
3140222,0
3140265,0
3140333,1
3140367,0
3140374,0
3140433,1
3140494,0
3140503,0
3140512,1
3140522,1
3140597,0
3140628,1
3140679,0
3140696,1
3140731,0
3140783,0
3140808,0
3140905,0
3140926,0
3140955,0
3140997,0
3141051,0
3141116,0
3141155,0
3141206,0
3141246,0
3141257,1
3141293,1
3141331,1
3141439,0
3141453,1
3141489,1
3141567,1
3141582,1
3141621,0
3141641,0
3141658,1
3141709,1
3141819,1
3141835,1
3141851,0
3141886,0
3141912,1
3142023,0
3142139,1
3142141,0
3142152,0
3142163,1
3142195,1
3142248,1
3142286,0
3142307,1
3142356,0
3142449,1
3142569,0
3142601,1
3142616,0
3142655,0
3142699,1
3142748,0
3142783,1
3142799,0
3142927,1
3142953,0
3142973,0
3142988,0
3142991,1
3143041,0
3143233,0
3143397,1
3143483,1
3143504,0
3143526,0
3143619,1
3143661,1
3143685,0
3143727,0
3143754,0
3143926,1
3143943,1
3144017,1
3144033,0
3144042,0
3144083,0
3144098,0
3144189,0
3144277,1
3144352,0
3144363,1
3144405,1
3144421,1
3144456,0
3144481,0
3144491,1
3144532,0
3144555,1
3144565,1
3144615,0
3144661,0
3144787,0
3144797,1
3144833,1
3144971,0
3144995,1
3145054,1
3145149,1
3145224,1
3145239,0
3145303,1
3145313,0
3145326,1
3145337,1
3145554,0
3145594,0
3145647,0
3145694,0
3145709,0
3145714,1
3145773,1
3145783,1
3145852,1
3145979,0
3145985,1
3146045,1
3146085,0
3146188,1
3146217,0
3146327,0
3146341,1
3146382,0
3146465,1
3146474,1
3146537,0
3146661,1
3146672,1
3146703,0
3146936,1
3146978,1
3147017,0
3147123,0
3147178,0
3147202,0
3147212,0
3147279,1
3147313,0
3147378,0
3147464,0
3147544,1
3147562,0
3147609,0
3147673,0
3147715,0
3147795,1
3147867,1
3148015,0
3148036,1
3148135,1
3148378,1
3148426,0
3148441,0
3148657,0
3148704,0
3148763,1
3148794,1
3148817,1
3148828,1
3148832,0
3148885,1
3148906,0
3149048,1
3149065,1
3149073,0
3149091,1
3149196,0
3149201,0
3149244,0
3149359,0
3149396,0
3149407,1
3149489,0
3149516,0
3149559,1
3149649,1
3149699,0
3149754,1
3149922,0
3149987,0
3150018,0
3150062,1
3150091,1
3150129,0
3150142,1
3150307,1
3150316,1
3150327,0
3150333,0
3150418,1
3150425,1
3150478,0
3150483,0
3150586,0
3150636,0
3150715,0
3150732,0
3150782,1
3150814,1
3150936,1
3150971,1
3151064,1
3151103,0
3151129,1
3151283,1
3151343,0
3151365,0
3151405,1
3151424,1
3151471,0
3151497,0
3151537,1
3151552,0
3151593,0
3151626,0
3151639,0
3151663,0
3151709,0
3151745,1
3151837,1
3151881,0
3151929,0
3151942,1
3151963,0
3152082,0
3152142,1
3152171,0
3152298,1
3152324,0
3152375,0
3152394,0
3152451,0
3152546,0
3152577,0
3152591,0
3152613,0
3152633,1
3152713,1
3152747,0
3152778,1
3152813,1
3152854,0
3152909,0
3152931,1
3153229,0
3153267,0
3153305,0
3153384,1
3153408,0
3153424,1
3153447,0
3153497,1
3153516,0
3153551,1
3153627,0
3153655,1
3153696,0
3153756,0
3153976,1
3154119,0
3154187,0
3154261,1
3154453,1
3154472,0
3154495,0
3154558,0
3154595,1
3154605,1
3154613,1
3154622,1
3154644,0
3154665,0
3154685,1
3154727,0
3154989,1
3155005,1
3155147,1
3155261,0
3155312,0
3155328,0
3155435,0
3155497,1
3155544,1
3155592,0
3155632,1
3155713,1
3155735,0
3155762,1
3155786,0
3155822,1
3155926,1
3156157,0
3156169,1
3156201,1
3156223,0
3156249,0
3156268,0
3156379,0
3156411,1
3156443,0
3156488,0
3156588,1
3156679,1
3156703,0
3156777,1
3156785,1
3156837,1
3156874,0
3156903,0
3157063,0
3157078,0
3157081,0
3157139,0
3157148,1
3157282,0
3157296,1
3157332,0
3157446,0
3157517,1
3157523,0
3157542,1
3157736,0
3157769,0
3157794,1
3157811,0
3157828,0
3157889,0
3158064,1
3158089,1
3158147,1
3158243,1
3158261,0
3158272,1
3158314,0
3158359,1
3158383,1
3158407,1
3158411,0
3158637,0
3158646,0
3158687,1
3158737,1
3158775,1
3158802,1
3158827,0
3158832,1
3158857,0
3159025,1
3159099,0
3159141,0
3159172,0
3159184,1
3159234,0
3159274,0
3159381,1
3159394,0
3159461,0
3159602,0
3159617,1
3159629,1
3159679,0
3159734,1
3159781,1
3159957,0
3160008,1
3160022,1
3160047,1
3160091,0
3160142,0
3160205,0
3160234,1
3160316,0
3160433,0
3160442,0
3160493,0
3160548,1
3160565,0
3160584,0
3160601,1
3160625,0
3160682,0
3160953,1
3161146,0
3161192,0
3161203,1
3161212,1
3161245,1
3161252,0
3161298,1
3161375,0
3161421,1
3161472,0
3161533,1
3161591,1
3161611,1
3161702,1
3161735,0
3161768,0
3161834,1
3161851,0
3161878,0
3161903,1
3161912,1
3161932,1
3161959,1
3162096,0
3162133,0
3162168,1
3162264,1
3162274,0
3162309,1
3162318,1
3162338,1
3162377,1
3162426,0
3162431,1
3162457,0
3162542,0
3162622,1
3162633,0
3162699,1
3162704,1
3162756,0
3162831,0
3162872,0
3162909,1
3162946,1
3162952,0
3163036,0
3163069,1
3163124,0
3163314,0
3163341,1
3163381,0
3163421,1
3163437,0
3163451,1
3163486,1
3163579,0
3163688,1
3163698,1
3163711,0
3163732,1
3163764,1
3163946,1
3163956,0
3164008,0
3164061,0
3164076,0
3164086,0
3164152,0
3164166,0
3164195,1
3164211,1
3164221,0
3164265,0
3164276,0
3164302,1
3164371,1
3164432,1
3164459,1
3164549,0
3164581,1
3164653,1
3164676,1
3164699,1
3164718,1
3164739,0
3164807,1
3164896,0
3164954,0
3164973,0
3165131,0
3165157,0
3165184,1
3165331,0
3165385,0
3165406,0
3165415,0
3165448,1
3165511,0
3165534,1
3165543,1
3165569,0
3165594,1
3165615,0
3165763,0
3165826,0
3165857,0
3165881,0
3165945,0
3166041,0
3166056,1
3166072,0
3166138,0
3166195,0
3166285,0
3166291,1
3166328,0
3166394,0
3166418,0
3166428,0
3166565,0
3166619,0
3166641,0
3166669,0
3166743,0
3166768,0
3166898,0
3166918,1
3167024,0
3167042,0
3167076,0
3167123,1
3167165,0
3167229,1
3167242,1
3167288,1
3167336,0
3167384,1
3167489,1
3167539,0
3167617,1
3168022,1
3168078,0
3168133,1
3168222,0
3168304,1
3168401,0
3168447,0
3168526,1
3168667,1
3168699,1
3168766,1
3168845,0
3168853,1
3168912,1
3168939,0
3168997,0
3169027,1
3169101,1
3169115,0
3169123,0
3169137,0
3169167,1
3169222,0
3169249,0
3169285,1
3169305,0
3169325,1
3169391,1
3169416,0
3169514,0
3169542,0
3169614,0
3169627,1
3169641,0
3169675,1
3169695,0
3169785,1
3169838,0
3169861,1
3169883,1
3169895,0
3169902,1
3169932,0
3169982,1
3170037,1
3170066,0
3170154,0
3170192,1
3170226,1
3170331,1
3170434,0
3170494,0
3170519,0
3170709,1
3170738,1
3170774,1
3170783,0
3170962,0
3170996,1
3171098,1
3171148,0
3171154,0
3171203,0
3171432,0
3171512,0
3171702,0
3171724,0
3171812,1
3171908,0
3171932,1
3172122,0
3172152,0
3172176,0
3172391,0
3172406,0
3172429,0
3172596,0
3172638,0
3172687,0
3172722,1
3172841,0
3172867,1
3172887,0
3172928,0
3173116,0
3173128,1
3173166,0
3173244,0
3173268,1
3173286,0
3173322,0
3173344,0
3173403,1
3173479,0
3173501,1
3173519,0
3173525,0
3173548,0
3173585,0
3173598,1
3173665,0
3173695,0
3173736,0
3173826,0
3173854,1
3173887,1
3173936,0
3173961,1
3173972,0
3173981,0
3173991,1
3174022,0
3174037,1
3174059,0
3174096,1
3174131,1
3174192,1
3174251,1
3174319,0
3174446,1
3174491,0
3174511,1
3174541,1
3174613,0
3174625,0
3174634,1
3174651,1
3174789,1
3174791,0
3174801,0
3174835,0
3174879,0
3174917,1
3174935,1
3175017,1
3175107,1
3175129,0
3175154,1
3175218,0
3175251,0
3175324,1
3175369,1
3175421,1
3175562,0
3175616,0
3175695,1
3175701,1
3175854,1
3175882,0
3175909,1
3175922,1
3175936,0
3175998,0
3176068,1
3176083,1
3176105,0
3176151,0
3176271,0
3176287,1
3176317,0
3176357,0
3176362,0
3176455,1
3176536,1
3176545,0
3176625,1
3176739,1
3176746,0
3176754,0
3176793,1
3176812,1
3176853,0
3176989,1
3176995,0
3177015,1
3177085,1
3177136,0
3177219,0
3177373,0
3177389,0
3177414,1
3177424,0
3177554,1
3177577,1
3177605,1
3177616,1
3177629,1
3177669,1
3177738,1
3177814,1
3177823,0
3177846,0
3177975,0
3177985,0
3178027,1
3178056,1
3178087,1
3178144,1
3178216,1
3178251,1
3178353,1
3178378,0
3178431,0
3178487,0
3178543,0
3178595,1
3178605,0
3178686,0
3178693,1
3178733,0
3178742,0
3178789,0
3178795,0
3178843,0
3178851,1
3178918,1
3178979,0
3179152,0
3179281,0
3179309,0
3179468,1
3179473,0
3179502,1
3179544,1
3179617,0
3179626,1
3179692,1
3179731,1
3179777,0
3179828,1
3179843,0
3179906,1
3179921,0
3179951,0
3180001,1
3180081,0
3180112,0
3180178,0
3180181,0
3180268,0
3180292,1
3180303,1
3180312,1
3180358,0
3180395,1
3180522,0
3180553,1
3180566,0
3180588,1
3180728,1
3180737,1
3180936,1
3181053,1
3181125,0
3181179,1
3181182,0
3181265,1
3181346,0
3181351,0
3181373,0
3181392,1
3181421,1
3181455,1
3181687,0
3181693,0
3181706,1
3181752,0
3181775,0
3181835,0
3181847,1
3181919,0
3181984,1
3182016,1
3182091,1
3182121,1
3182152,1
3182193,0
3182372,1
3182381,1
3182472,0
3182483,0
3182622,0
3182634,1
3182704,0
3182814,1
3182821,1
3182894,0
3182939,1
3183079,1
3183105,1
3183116,0
3183126,1
3183157,1
3183164,1
3183182,0
3183224,1
3183245,1
3183263,1
3183309,1
3183398,0
3183415,1
3183422,1
3183533,0
3183609,0
3183639,1
3183726,1
3183738,1
3183764,0
3183833,0
3183899,1
3183906,0
3184044,1
3184099,0
3184253,0
3184276,0
3184354,0
3184364,0
3184458,1
3184478,0
3184499,1
3184543,0
3184607,0
3184756,1
3184767,0
3184802,1
3184883,0
3184916,1
3184947,0
3185065,0
3185185,0
3185224,0
3185243,0
3185267,0
3185369,0
3185533,0
3185629,0
3185709,1
3185727,0
3185835,0
3185861,1
3185879,1
3185889,0
3185896,0
3185983,0
3186035,1
3186129,1
3186148,0
3186206,1
3186219,0
3186274,0
3186308,0
3186337,1
3186345,1
3186372,1
3186418,1
3186424,1
3186443,1
3186478,1
3186519,0
3186594,0
3186626,1
3186662,0
3186782,0
3186813,0
3186827,0
3186861,1
3186893,1
3186959,0
3186968,0
3186976,0
3187078,1
3187112,0
3187122,0
3187184,0
3187304,0
3187317,0
3187352,0
3187367,1
3187427,0
3187448,0
3187476,0
3187546,0
3187569,1
3187672,1
3187717,1
3187781,1
3187838,1
3187865,0
3187966,0
3188018,0
3188054,0
3188065,0
3188152,0
3188176,0
3188396,0
3188401,0
3188563,1
3188647,0
3188714,1
3188726,1
3188777,0
3188834,0
3188938,0
3188991,0
3189045,0
3189092,1
3189169,0
3189214,1
3189238,1
3189297,0
3189328,0
3189343,1
3189424,0
3189445,0
3189454,0
3189491,1
3189538,0
3189581,0
3189646,0
3189745,0
3189805,1
3189899,0
3189952,0
3190011,1
3190055,0
3190088,0
3190231,0
3190253,1
3190263,1
3190302,0
3190319,1
3190353,0
3190363,1
3190434,0
3190527,0
3190595,1
3190619,1
3190638,1
3190646,0
3190662,0
3190766,1
3190802,0
3190865,1
3190895,0
3190922,0
3190952,0
3191057,0
3191103,0
3191142,1
3191205,0
3191238,0
3191252,1
3191277,0
3191283,1
3191383,1
3191399,0
3191418,0
3191683,0
3191742,0
3191771,1
3191825,1
3191838,0
3191868,0
3191904,1
3191928,0
3191959,0
3192002,1
3192062,0
3192104,0
3192186,1
3192309,0
3192328,0
3192351,1
3192431,0
3192459,1
3192478,1
3192557,0
3192591,0
3192653,0
3192793,0
3192816,0
3192822,1
3192835,1
3192887,1
3192895,0
3193042,1
3193129,0
3193184,0
3193359,0
3193527,0
3193544,0
3193662,0
3193742,0
3193805,1
3193904,0
3193912,0
3193924,0
3193935,0
3193968,1
3194016,1
3194081,0
3194121,1
3194136,1
3194177,1
3194203,0
3194244,1
3194263,0
3194309,0
3194353,1
3194368,1
3194394,1
3194405,0
3194569,1
3194593,1
3194644,1
3194775,1
3194841,0
3194951,0
3194984,1
3194999,1
3195003,0
3195016,0
3195045,1
3195054,0
3195105,0
3195149,0
3195233,0
3195344,1
3195365,0
3195375,1
3195456,1
3195529,0
3195559,0
3195573,0
3195582,0
3195602,0
3195733,0
3195746,0
3195755,1
3195761,1
3195839,0
3195851,1
3195885,0
3195918,1
3195939,1
3195942,0
3195957,1
3195978,0
3196083,1
3196174,1
3196184,0
3196193,0
3196236,1
3196328,0
3196359,1
3196363,0
3196384,1
3196606,0
3196612,0
3196731,1
3196743,1
3196756,0
3196775,1
3196828,0
3196943,1
3196971,0
3197053,0
3197238,1
3197258,0
3197373,0
3197394,1
3197406,1
3197464,0
3197563,0
3197614,1
3197635,0
3197661,1
3197681,1
3197936,0
3197941,0
3198062,1
3198165,1
3198217,1
3198249,1
3198298,0
3198305,0
3198584,0
3198619,0
3198638,0
3198642,0
3198704,0
3198722,0
3198739,0
3198749,1
3198767,0
3198824,1
3198874,0
3198884,1
3198948,1
3198954,1
3198992,1
3199024,1
3199207,0
3199241,1
3199256,1
3199291,0
3199324,1
3199362,0
3199384,0
3199398,0
3199449,0
3199461,0
3199554,1
3199639,0
3199702,1
3199714,0
3199748,0
3199752,1
3199778,0
3199783,1
3199815,1
3199844,1
3199877,1
3199896,1
3199913,0
3199977,0
3199989,1
3200004,1
3200067,0
3200135,1
3200182,1
3200232,0
3200242,0
3200519,0
3200529,0
3200537,0
3200689,1
3200699,0
3200742,1
3200909,0
3200943,1
3200994,0
3201006,1
3201023,0
3201045,0
3201087,1
3201095,1
3201128,1
3201236,0
3201245,0
3201255,0
3201283,0
3201398,0
3201545,1
3201615,1
3201669,1
3201704,1
3201738,1
3201801,1
3201875,0
3201988,0
3202016,0
3202021,1
3202072,0
3202124,1
3202159,1
3202296,1
3202301,1
3202367,0
3202374,0
3202408,1
3202434,0
3202441,1
3202451,0
3202464,1
3202535,1
3202544,0
3202574,0
3202583,0
3202599,1
3202611,1
3202627,0
3202645,1
3202728,0
3202755,1
3202762,1
3202857,1
3202923,0
3202987,1
3203014,0
3203058,0
3203076,1
3203179,0
3203185,1
3203241,1
3203292,0
3203355,0
3203381,0
3203397,1
3203424,1
3203454,0
3203513,0
3203617,1
3203674,0
3203747,0
3203795,0
3203919,1
3203974,0
3204054,0
3204083,1
3204098,1
3204199,0
3204261,1
3204316,0
3204321,0
3204343,1
3204353,0
3204467,1
3204513,1
3204593,1
3204628,0
3204794,0
3204844,0
3204857,0
3204863,1
3204883,1
3204915,1
3204924,0
3204966,0
3204972,1
3204996,0
3205045,0
3205065,1
3205076,0
3205084,0
3205121,1
3205149,1
3205207,1
3205225,0
3205244,0
3205317,1
3205338,0
3205346,0
3205355,0
3205364,0
3205455,0
3205552,0
3205667,1
3205704,0
3205711,1
3205827,1
3205848,1
3205855,1
3205907,1
3205922,0
3206003,0
3206014,0
3206029,0
3206065,0
3206089,0
3206117,1
3206138,1
3206194,1
3206253,0
3206389,1
3206406,0
3206432,0
3206577,1
3206596,0
3206659,0
3206732,0
3206758,0
3206808,0
3206902,0
3206953,0
3207025,1
3207071,0
3207092,1
3207114,0
3207138,0
3207157,1
3207173,1
3207192,1
3207299,0
3207308,1
3207437,0
3207447,0
3207497,0
3207509,0
3207688,0
3207759,1
3207883,1
3207928,0
3207949,0
3207978,0
3208092,0
3208229,0
3208339,0
3208417,0
3208491,1
3208503,0
3208513,1
3208555,1
3208567,0
3208601,1
3208649,1
3208658,0
3208665,0
3208768,0
3208803,0
3208848,0
3208871,1
3208906,0
3208951,0
3208961,0
3208971,0
3209013,1
3209113,1
3209142,0
3209156,1
3209173,0
3209183,0
3209264,0
3209301,0
3209337,0
3209348,0
3209408,1
3209443,1
3209534,0
3209544,1
3209613,0
3209625,1
3209659,0
3209708,1
3209791,1
3209889,1
3209911,1
3210009,0
3210036,0
3210152,0
3210181,0
3210204,1
3210226,0
3210259,1
3210265,0
3210401,1
3210441,0
3210588,1
3210638,1
3210662,0
3210739,1
3210753,0
3210832,0
3210942,0
3211085,1
3211138,1
3211171,0
3211191,1
3211256,0
3211289,1
3211306,1
3211364,0
3211397,0
3211443,1
3211499,0
3211555,0
3211599,0
3211688,1
3211762,1
3211836,0
3211863,0
3211912,0
3212149,0
3212169,0
3212178,1
3212198,0
3212219,0
3212258,0
3212267,1
3212316,1
3212348,1
3212381,1
3212449,1
3212595,0
3212612,0
3212669,1
3212683,0
3212749,1
3212914,0
3212928,1
3213038,1
3213049,1
3213063,0
3213081,0
3213146,0
3213204,1
3213259,0
3213446,1
3213494,0
3213541,0
3213596,0
3213637,0
3213642,0
3213723,1
3213776,1
3213907,1
3213923,1
3213932,0
3213953,0
3213963,0
3213978,1
3213992,1
3214157,0
3214187,0
3214199,1
3214221,0
3214237,0
3214268,0
3214396,0
3214417,0
3214423,0
3214564,1
3214607,0
3214665,0
3214686,0
3214698,1
3214877,0
3214925,1
3214937,0
3214944,0
3214962,0
3214987,1
3215014,1
3215025,0
3215075,0
3215169,0
3215173,1
3215244,1
3215271,1
3215298,1
3215381,0
3215412,0
3215464,0
3215474,1
3215527,0
3215578,0
3215598,1
3215632,1
3215697,0
3215726,0
3215731,0
3215781,0
3215818,1
3215829,1
3215836,0
3215858,1
3215907,0
3215917,0
3215926,0
3215946,1
3215979,0
3216004,1
3216059,0
3216086,0
3216134,1
3216166,0
3216178,0
3216293,0
3216302,0
3216392,0
3216495,0
3216512,0
3216539,1
3216632,0
3216655,0
3216686,1
3216704,0
3216723,0
3216799,1
3216827,1
3216878,1
3217029,1
3217036,1
3217057,1
3217095,0
3217203,1
3217246,0
3217284,1
3217304,0
3217448,1
3217474,1
3217486,0
3217491,0
3217548,0
3217628,1
3217644,0
3217723,1
3217764,1
3217878,0
3218017,1
3218023,1
3218065,1
3218197,1
3218201,0
3218291,0
3218382,0
3218533,0
3218546,0
3218576,1
3218621,0
3218632,0
3218712,1
3218832,0
3218863,0
3218931,0
3218984,0
3219014,0
3219078,0
3219175,0
3219205,1
3219241,0
3219267,0
3219295,0
3219318,0
3219438,1
3219443,0
3219472,0
3219612,0
3219665,0
3219677,0
3219768,0
3219802,0
3219883,0
3219897,0
3219928,1
3219933,0
3219965,0
3219972,1
3219998,1
3220036,1
3220124,1
3220135,0
3220197,1
3220376,1
3220381,0
3220453,1
3220493,0
3220506,0
3220529,0
3220549,0
3220559,1
3220588,1
3220602,0
3220626,0
3220685,1
3220718,1
3220731,0
3220799,0
3220824,0
3220866,1
3220874,0
3220932,0
3220948,0
3220983,1
3221032,1
3221053,0
3221106,1
3221188,0
3221207,1
3221258,0
3221302,0
3221347,0
3221379,0
3221433,0
3221442,1
3221504,0
3221537,0
3221562,1
3221612,0
3221734,1
3221876,0
3221888,1
3222071,0
3222087,0
3222106,1
3222146,1
3222182,1
3222214,0
3222319,1
3222338,0
3222342,1
3222364,0
3222391,1
3222506,0
3222541,1
3222603,0
3222669,1
3222747,0
3222762,0
3222817,0
3222837,0
3222887,1
3222914,1
3222932,0
3222941,0
3222951,1
3223161,1
3223219,1
3223233,0
3223517,0
3223551,0
3223592,0
3223601,0
3223618,0
3223643,0
3223681,1
3223719,0
3223734,0
3223744,1
3223763,1
3223771,0
3223813,0
3223879,1
3223881,0
3223896,0
3223904,0
3223918,1
3223931,0
3223951,0
3224002,0
3224023,0
3224039,1
3224077,0
3224251,0
3224326,0
3224383,0
3224399,0
3224454,1
3224482,1
3224494,0
3224636,1
3224687,1
3224703,1
3224739,1
3224824,0
3224925,0
3224938,1
3224958,0
3225155,0
3225213,1
3225273,1
3225311,1
3225341,1
3225439,1
3225483,0
3225492,1
3225513,1
3225598,0
3225622,0
3225752,0
3225867,1
3225996,1
3226024,1
3226136,1
3226158,0
3226166,0
3226193,0
3226215,1
3226259,0
3226264,0
3226289,0
3226297,1
3226307,1
3226315,1
3226484,1
3226577,1
3226623,1
3226654,1
3226839,0
3226894,1
3226993,1
3227082,0
3227198,1
3227236,0
3227247,0
3227273,1
3227294,0
3227394,1
3227503,1
3227636,1
3227668,0
3227696,0
3227707,0
3227739,1
3227792,0
3227846,0
3228006,0
3228038,0
3228079,1
3228119,1
3228228,1
3228275,1
3228288,1
3228375,0
3228389,0
3228407,1
3228419,1
3228483,0
3228499,0
3228603,0
3228633,0
3228643,0
3228689,0
3228694,1
3228703,0
3228723,1
3228737,1
3228751,1
3228774,0
3228819,0
3228876,1
3228908,0
3228921,1
3228958,0
3229025,1
3229036,0
3229045,0
3229105,1
3229159,0
3229285,1
3229351,1
3229381,1
3229396,0
3229403,1
3229435,1
3229447,0
3229463,0
3229495,1
3229589,0
3229635,1
3229666,0
3229728,0
3229761,0
3229808,0
3229816,0
3229845,1
3229957,0
3229991,0
3230048,0
3230071,1
3230159,0
3230215,1
3230231,0
3230266,1
3230325,1
3230517,0
3230544,1
3230568,1
3230676,1
3230688,0
3230704,0
3230716,0
3231018,1
3231023,0
3231109,0
3231137,0
3231196,0
3231263,1
3231353,0
3231371,1
3231455,1
3231491,1
3231516,1
3231545,1
3231574,0
3231715,0
3231847,1
3231902,1
3231922,0
3231948,1
3231984,1
3231996,0
3232006,0
3232015,0
3232043,1
3232116,0
3232184,1
3232351,0
3232373,1
3232503,0
3232541,1
3232583,0
3232659,1
3232663,0
3232743,1
3232757,1
3232761,0
3232835,1
3232918,1
3232929,0
3233094,0
3233125,0
3233136,1
3233275,1
3233442,0
3233468,0
3233675,0
3233692,1
3233739,0
3233746,0
3233751,0
3233825,1
3233836,0
3233862,0
3233908,0
3233912,1
3233932,1
3233969,0
3234107,0
3234151,1
3234161,0
3234172,0
3234228,1
3234367,0
3234481,0
3234539,1
3234668,1
3234686,0
3234698,1
3234712,0
3234793,0
3234856,1
3234933,0
3234949,0
3234991,1
3235034,0
3235054,1
3235101,0
3235156,0
3235217,0
3235226,1
3235336,0
3235361,1
3235494,1
3235569,0
3235622,0
3235654,1
3235669,0
3235746,0
3235753,1
3235842,0
3235942,1
3236049,0
3236111,0
3236122,1
3236142,0
3236369,1
3236376,0
3236456,1
3236489,1
3236503,0
3236519,1
3236531,1
3236597,1
3236628,0
3236664,0
3236682,0
3236695,0
3236764,0
3236838,0
3236848,1
3236865,1
3236887,0
3236953,0
3236963,1
3237045,0
3237059,1
3237073,0
3237114,0
3237172,1
3237238,1
3237325,0
3237354,0
3237367,0
3237465,1
3237471,1
3237487,0
3237495,0
3237536,0
3237544,0
3237586,0
3237651,0
3237705,0
3237761,1
3237804,1
3237937,0
3237995,0
3238015,0
3238049,0
3238087,1
3238175,1
3238273,1
3238306,0
3238449,1
3238461,0
3238476,1
3238513,0
3238525,0
3238591,0
3238613,1
3238638,1
3238678,1
3238735,1
3238838,1
3238898,0
3238927,0
3239036,0
3239044,1
3239073,1
3239083,1
3239132,0
3239195,0
3239268,0
3239325,0
3239377,0
3239422,0
3239584,0
3239609,1
3239618,0
3239626,1
3239641,0
3239653,0
3239685,0
3239695,0
3239736,1
3239822,1
3239862,0
3239958,1
3239978,1
3239983,1
3240069,1
3240135,1
3240202,1
3240238,1
3240262,1
3240289,1
3240308,1
3240312,0
3240356,0
3240363,1
3240434,1
3240478,1
3240568,0
3240575,0
3240603,1
3240806,1
3240862,0
3240947,1
3241029,1
3241034,1
3241116,0
3241189,0
3241206,0
3241309,1
3241371,0
3241548,0
3241559,0
3241685,0
3241703,0
3241757,1
3241761,0
3241836,0
3241931,0
3241968,0
3242066,1
3242101,1
3242197,0
3242222,1
3242313,0
3242348,0
3242381,0
3242395,1
3242406,1
3242429,1
3242543,1
3242607,1
3242658,1
3242666,1
3242677,0
3242784,0
3242807,0
3242827,0
3242845,1
3242853,0
3242869,0
3242888,1
3242895,1
3242915,0
3243017,0
3243026,1
3243125,1
3243267,0
3243288,0
3243311,1
3243431,0
3243449,1
3243484,0
3243561,0
3243578,0
3243655,1
3243746,0
3243771,0
3243801,0
3243813,0
3243934,0
3244066,1
3244088,0
3244135,0
3244201,1
3244344,0
3244352,0
3244368,0
3244385,0
3244441,0
3244519,1
3244543,0
3244589,1
3244616,1
3244636,0
3244641,1
3244784,1
3244796,1
3244802,0
3244838,0
3244881,1
3244929,0
3245049,0
3245089,0
3245139,0
3245157,1
3245185,1
3245204,0
3245291,0
3245324,1
3245351,1
3245383,1
3245394,0
3245427,1
3245443,1
3245546,1
3245604,1
3245635,1
3245666,1
3245671,0
3245694,0
3245735,0
3245797,0
3245831,0
3245897,1
3245906,1
3245975,1
3245988,1
3246012,1
3246058,1
3246064,0
3246077,0
3246087,1
3246139,0
3246148,0
3246169,1
3246202,1
3246227,0
3246309,1
3246328,1
3246389,1
3246508,0
3246555,1
3246581,0
3246637,1
3246647,1
3246695,1
3246739,0
3246779,1
3246787,1
3246928,0
3247018,1
3247033,0
3247182,1
3247226,1
3247254,1
3247297,0
3247358,1
3247486,0
3247565,0
3247588,0
3247681,1
3247695,0
3247701,0
3247722,1
3247817,1
3247827,0
3247921,0
3247961,1
3247979,1
3247982,0
3247994,0
3248122,0
3248207,1
3248253,1
3248265,0
3248346,0
3248351,0
3248387,1
3248394,1
3248434,1
3248443,0
3248537,0
3248543,1
3248564,0
3248673,1
3248762,0
3248793,1
3248807,1
3248912,1
3248983,0
3249007,1
3249056,0
3249118,0
3249146,0
3249215,0
3249269,0
3249336,0
3249358,0
3249418,1
3249424,0
3249468,0
3249497,0
3249518,0
3249582,0
3249596,0
3249611,1
3249647,1
3249748,0
3249783,1
3249829,1
3249832,0
3249863,1
3249874,1
3249948,1
3249952,1
3249974,0
3250002,1
3250031,0
3250048,0
3250067,0
3250177,0
3250198,0
3250264,0
3250329,1
3250392,1
3250402,1
3250514,1
3250557,1
3250573,1
3250727,1
3250748,0
3250788,0
3250803,0
3250819,0
3250896,1
3250946,0
3251001,1
3251013,1
3251042,0
3251174,1
3251236,0
3251264,0
3251275,0
3251393,1
3251419,1
3251531,1
3251583,1
3251629,1
3251687,1
3251716,0
3251727,0
3251763,0
3251831,1
3251947,0
3251983,0
3252046,0
3252106,1
3252168,1
3252187,1
3252199,0
3252203,1
3252217,1
3252246,0
3252256,1
3252285,1
3252331,0
3252341,0
3252354,0
3252459,0
3252477,0
3252502,1
3252585,1
3252661,0
3252857,0
3252893,0
3252954,1
3252969,1
3253067,0
3253095,1
3253108,1
3253118,0
3253156,0
3253191,0
3253224,0
3253347,0
3253385,1
3253436,1
3253486,0
3253498,0
3253538,0
3253596,0
3253602,0
3253613,0
3253661,0
3253705,1
3253761,0
3253797,1
3253813,1
3253859,0
3253866,1
3253918,0
3253925,0
3253972,0
3253991,0
3254158,0
3254177,0
3254217,0
3254263,1
3254274,1
3254294,1
3254334,0
3254411,0
3254437,1
3254458,1
3254471,0
3254486,0
3254534,0
3254553,1
3254606,0
3254624,0
3254658,1
3254665,0
3254691,1
3254756,0
3254782,0
3254802,0
3254828,1
3254885,1
3254943,1
3255082,1
3255105,1
3255131,1
3255223,0
3255303,0
3255331,1
3255389,0
3255407,0
3255436,1
3255481,0
3255547,0
3255556,0
3255573,1
3255583,0
3255653,0
3255671,0
3255747,0
3255785,1
3255857,1
3255911,1
3255936,1
3255958,0
3255961,1
3256009,0
3256031,0
3256165,1
3256186,0
3256209,1
3256285,1
3256329,0
3256355,0
3256407,1
3256457,0
3256517,1
3256555,1
3256654,0
3256667,1
3256767,1
3256772,1
3256804,0
3256811,1
3256826,1
3256871,0
3256932,0
3257015,1
3257022,1
3257049,0
3257059,0
3257072,1
3257134,0
3257193,1
3257232,1
3257249,0
3257255,0
3257465,1
3257499,0
3257535,1
3257558,1
3257656,1
3257672,0
3257852,1
3257939,1
3257976,1
3258048,0
3258162,1
3258173,0
3258332,0
3258368,1
3258413,0
3258469,0
3258544,0
3258591,0
3258707,0
3258714,0
3258725,0
3258871,1
3258933,0
3258964,0
3259031,1
3259043,0
3259057,1
3259112,0
3259192,1
3259207,0
3259217,1
3259246,1
3259252,0
3259359,1
3259373,0
3259445,1
3259463,1
3259515,1
3259535,0
3259583,0
3259619,1
3259631,0
3259656,0
3259668,0
3259678,0
3259695,0
3259716,0
3259722,0
3259821,0
3259865,0
3259891,1
3260081,0
3260118,1
3260173,1
3260288,0
3260299,1
3260332,0
3260353,0
3260389,1
3260408,0
3260454,0
3260507,0
3260558,0
3260614,1
3260666,0
3260677,0
3260694,1
3260775,0
3260823,0
3260846,0
3260898,0
3260948,0
3260959,0
3261031,1
3261065,1
3261153,1
3261269,0
3261295,1
3261305,0
3261328,0
3261368,0
3261579,0
3261593,0
3261618,1
3261662,1
3261733,0
3261766,1
3261802,0
3261813,1
3261867,0
3262043,1
3262156,0
3262213,0
3262232,0
3262259,0
3262278,1
3262329,0
3262354,1
3262367,0
3262413,0
3262493,0
3262626,0
3262648,1
3262656,0
3262669,1
3262712,0
3262724,1
3262808,0
3262834,1
3263065,1
3263078,1
3263082,0
3263105,1
3263157,0
3263172,1
3263192,1
3263227,1
3263307,1
3263348,0
3263396,0
3263411,0
3263629,0
3263745,0
3263768,1
3263775,1
3263783,0
3263823,0
3263909,0
3263982,0
3264075,1
3264108,1
3264161,0
3264174,1
3264207,0
3264272,0
3264315,1
3264334,1
3264375,0
3264437,1
3264463,0
3264552,1
3264561,1
3264579,0
3264605,1
3264701,0
3264731,1
3264762,1
3264797,0
3264902,0
3264947,0
3265074,1
3265177,0
3265209,0
3265302,0
3265339,1
3265463,1
3265496,0
3265538,0
3265617,1
3265718,1
3265776,1
3265861,0
3265899,0
3265938,0
3265961,0
3266003,0
3266029,1
3266118,0
3266192,0
3266223,1
3266266,0
3266343,0
3266356,1
3266379,1
3266471,1
3266563,1
3266577,0
3266613,0
3266691,1
3266771,0
3266949,0
3266952,0
3267084,1
3267107,0
3267129,0
3267166,0
3267181,1
3267192,1
3267249,1
3267359,0
3267414,1
3267501,0
3267663,0
3267682,1
3267813,0
3267824,1
3267847,0
3267903,0
3267912,0
3268007,1
3268031,0
3268279,1
3268319,0
3268391,1
3268402,0
3268466,0
3268501,0
3268511,0
3268544,0
3268588,1
3268673,1
3268734,0
3268744,0
3268766,1
3268806,0
3268978,0
3268986,1
3269025,0
3269188,0
3269206,1
3269355,0
3269421,1
3269438,0
3269488,1
3269508,1
3269555,1
3269564,1
3269602,1
3269611,1
3269702,0
3269764,1
3269817,0
3269905,1
3269937,1
3269959,1
3269979,0
3270012,1
3270161,0
3270217,1
3270233,1
3270315,1
3270332,1
3270368,1
3270403,0
3270472,0
3270516,1
3270527,0
3270544,1
3270607,0
3270628,1
3270632,1
3270707,0
3270716,0
3270754,1
3270812,1
3270838,0
3270852,1
3270921,0
3271089,1
3271094,1
3271119,1
3271182,0
3271212,1
3271243,0
3271254,0
3271271,1
3271399,1
3271495,0
3271529,0
3271583,0
3271616,0
3271818,0
3271913,1
3271921,0
3271965,0
3272026,0
3272039,1
3272093,0
3272105,1
3272147,1
3272156,0
3272189,1
3272203,0
3272239,0
3272284,0
3272305,1
3272366,0
3272379,1
3272519,0
3272521,0
3272592,0
3272665,1
3272689,1
3272706,1
3272753,1
3272771,1
3272782,0
3272795,0
3272818,1
3272847,0
3272876,0
3272958,0
3273027,1
3273094,0
3273102,0
3273157,0
3273166,1
3273181,1
3273201,1
3273298,0
3273306,1
3273361,0
3273404,0
3273412,1
3273438,1
3273523,0
3273597,0
3273639,0
3273671,1
3273686,1
3273799,0
3273828,1
3273883,1
3273928,0
3273955,0
3273998,1
3274005,1
3274012,0
3274098,0
3274202,1
3274248,0
3274269,0
3274271,1
3274289,0
3274354,1
3274366,1
3274413,0
3274439,1
3274517,0
3274531,0
3274579,0
3274609,0
3274698,0
3274752,0
3274786,0
3274799,1
3274835,0
3274919,0
3274936,0
3274998,1
3275021,1
3275034,0
3275078,1
3275085,0
3275178,1
3275196,0
3275251,1
3275264,0
3275329,1
3275425,0
3275432,1
3275486,0
3275534,0
3275583,0
3275648,0
3275672,1
3275721,1
3275957,1
3276054,0
3276096,1
3276139,1
3276163,0
3276186,0
3276203,0
3276235,1
3276289,0
3276301,0
3276315,0
3276428,0
3276499,1
3276568,0
3276581,0
3276723,1
3276757,0
3276867,0
3276892,0
3276963,1
3276978,0
3276983,0
3277086,0
3277098,1
3277137,0
3277161,0
3277287,0
3277295,0
3277315,0
3277365,0
3277377,1
3277385,0
3277411,1
3277441,0
3277477,0
3277483,1
3277495,0
3277574,0
3277588,0
3277608,1
3277631,0
3277662,1
3277707,1
3277714,0
3277728,0
3277756,1
3277764,0
3277822,1
3277884,1
3277914,1
3277994,0
3278002,1
3278051,1
3278096,1
3278108,0
3278175,1
3278267,0
3278392,0
3278412,1
3278422,0
3278467,1
3278562,0
3278589,1
3278629,0
3278676,0
3278702,1
3278757,0
3278778,0
3278849,1
3278917,0
3278945,1
3279005,1
3279115,0
3279155,1
3279219,0
3279233,1
3279278,1
3279292,0
3279318,0
3279376,0
3279386,0
3279411,1
3279478,1
3279569,1
3279572,0
3279597,0
3279648,0
3279681,0
3279816,0
3279862,0
3279977,0
3280086,0
3280148,0
3280267,1
3280306,1
3280336,0
3280417,1
3280454,0
3280496,0
3280503,0
3280538,1
3280559,1
3280571,0
3280592,1
3280707,0
3280738,1
3280746,1
3280785,0
3280803,0
3280836,1
3280863,1
3280882,1
3280923,0
3280969,0
3281017,0
3281123,0
3281154,1
3281186,1
3281238,1
3281493,0
3281536,1
3281553,1
3281635,1
3281693,0
3281748,1
3281781,1
3282009,0
3282086,0
3282225,0
3282251,0
3282276,1
3282357,1
3282388,1
3282422,1
3282505,0
3282575,0
3282584,0
3282639,1
3282686,1
3282697,1
3282726,1
3282739,0
3282789,0
3282811,1
3282841,1
3282885,0
3282923,0
3283017,0
3283075,0
3283133,0
3283156,0
3283358,0
3283375,0
3283389,0
3283405,1
3283433,0
3283449,1
3283526,1
3283584,0
3283641,0
3283669,0
3283687,1
3283691,0
3283701,0
3283718,0
3283721,1
3283737,1
3283791,1
3283845,0
3283901,1
3283951,1
3284071,1
3284096,0
3284121,0
3284264,1
3284284,0
3284294,1
3284344,0
3284355,0
3284412,0
3284423,0
3284438,0
3284569,0
3284597,1
3284744,0
3284869,0
3284901,0
3284978,1
3285002,0
3285017,0
3285025,1
3285061,0
3285082,1
3285177,1
3285205,0
3285212,1
3285292,0
3285399,1
3285473,0
3285523,1
3285627,0
3285703,0
3285713,1
3285727,0
3285752,1
3285792,0
3285891,0
3285915,1
3285958,0
3286033,1
3286102,1
3286192,1
3286237,1
3286247,1
3286259,0
3286328,0
3286456,1
3286486,0
3286508,1
3286541,0
3286557,0
3286637,0
3286646,1
3286666,1
3286674,1
3286772,0
3286865,0
3286942,0
3286973,0
3287065,0
3287103,1
3287242,0
3287272,0
3287281,0
3287308,0
3287343,0
3287415,0
3287424,0
3287464,0
3287489,0
3287537,0
3287545,0
3287589,0
3287599,0
3287601,1
3287617,0
3287659,1
3287752,0
3287784,1
3287829,0
3287932,0
3288001,1
3288081,1
3288099,1
3288102,0
3288162,1
3288388,1
3288421,0
3288478,1
3288483,1
3288578,0
3288598,1
3288607,1
3288692,1
3288731,1
3288761,1
3288815,1
3288825,1
3288888,1
3288905,1
3288911,1
3289028,0
3289158,0
3289168,1
3289181,0
3289226,0
3289274,1
3289308,0
3289316,0
3289362,0
3289375,1
3289395,0
3289415,1
3289453,1
3289495,1
3289509,1
3289537,1
3289604,1
3289648,1
3289663,0
3289822,0
3289837,0
3289845,1
3289885,0
3289927,1
3289941,1
3290045,0
3290128,1
3290175,0
3290209,0
3290283,0
3290531,1
3290571,0
3290672,0
3290824,0
3290869,0
3290963,1
3290988,1
3291131,1
3291224,0
3291325,0
3291391,0
3291426,1
3291481,0
3291491,1
3291547,0
3291568,0
3291582,0
3291635,1
3291659,1
3291674,1
3291688,0
3291699,1
3291743,0
3291775,0
3291851,1
3291973,0
3291991,0
3292112,1
3292313,0
3292356,1
3292374,0
3292399,0
3292451,1
3292511,1
3292522,1
3292652,1
3292685,1
3292746,1
3292796,1
3292829,0
3292845,0
3292854,1
3292886,0
3292923,1
3292933,0
3293004,0
3293038,1
3293112,0
3293126,0
3293168,0
3293241,1
3293256,1
3293276,1
3293294,1
3293435,1
3293448,0
3293485,1
3293545,1
3293572,0
3293585,0
3293605,0
3293623,0
3293661,0
3293676,1
3293715,0
3293822,0
3293836,1
3293848,0
3293897,1
3293962,1
3294016,1
3294055,1
3294061,1
3294103,0
3294112,0
3294129,1
3294429,0
3294435,1
3294533,1
3294626,0
3294655,0
3294706,1
3294748,1
3294758,0
3294762,0
3294862,0
3294871,0
3294941,0
3294951,1
3294973,0
3294984,1
3295007,0
3295022,0
3295034,1
3295212,0
3295267,0
3295402,0
3295433,1
3295565,0
3295612,0
3295651,0
3295683,1
3295698,1
3295789,1
3295796,0
3295823,1
3295848,0
3295941,0
3296005,0
3296021,1
3296059,0
3296101,1
3296116,0
3296121,0
3296199,0
3296258,1
3296278,0
3296352,0
3296365,1
3296445,0
3296468,1
3296527,0
3296573,0
3296672,1
3296804,1
3296836,0
3296874,0
3296927,0
3297032,0
3297134,0
3297179,1
3297206,0
3297236,1
3297287,1
3297318,0
3297336,1
3297341,1
3297371,0
3297388,1
3297397,0
3297414,0
3297423,1
3297444,0
3297562,0
3297601,0
3297647,1
3297674,1
3297721,1
3297738,1
3297791,0
3297902,0
3297945,1
3298016,0
3298029,0
3298042,0
3298119,0
3298149,0
3298221,0
3298252,0
3298267,0
3298277,1
3298285,0
3298298,1
3298322,1
3298348,0
3298361,0
3298377,0
3298399,1
3298405,1
3298412,0
3298466,1
3298554,0
3298724,1
3298767,0
3298814,1
3298824,0
3298832,1
3298844,0
3298933,1
3298946,0
3298976,0
3299034,0
3299132,1
3299394,0
3299403,1
3299426,1
3299479,0
3299563,1
3299573,1
3299597,1
3299646,0
3299654,1
3299911,1
3299921,0
